sku,name,description
SKU-NSDKTMJ0,Mega Module,Built to last with precision engineering. Made from premium materials.
SKU-X7GF3EMO,Smart Accessory,Compact and efficient design. Offers superior durability and strength.
SKU-WV1WOHY5,Pro Tool,Compact and efficient design. High quality and reliable performance.
SKU-C6WVDZPT,Eco Accessory,Backed by excellent customer support. Built to last with precision engineering.
SKU-NSTME3PY,Mega Instrument,Lightweight yet powerful performance. Offers superior durability and strength.
SKU-4TO5HBT4,Max Tool,Designed for modern applications. Compact and efficient design.
SKU-MZQZOHQL,Max Gadget,Compact and efficient design. Ideal for professional and personal use.
SKU-XS1Z98AM,Super Module,Ideal for professional and personal use. High quality and reliable performance.
SKU-Y3R9I07N,Elite Tool,Built to last with precision engineering. Made from premium materials.
SKU-A8G8FXDW,Eco Module,Designed for modern applications. Compact and efficient design.
SKU-ZWRYVLTG,Prime Instrument,Designed for modern applications. Compact and efficient design.
SKU-6V4FA11P,Mega Device,Lightweight yet powerful performance. Ideal for professional and personal use.
SKU-75MOQ6U8,Power Machine,Backed by excellent customer support. Energy efficient and easy to use.
SKU-XE4QVEQC,Ultra Item,Energy efficient and easy to use. Made from premium materials.
SKU-3FB8CC1T,Prime Product,Backed by excellent customer support. Compact and efficient design.
SKU-A45X16E1,Pro Instrument,Backed by excellent customer support. Energy efficient and easy to use.
SKU-B9QAWG6A,Super Module,Energy efficient and easy to use. Offers superior durability and strength.
SKU-MU3TKZND,Mega Gadget,Built to last with precision engineering. Offers superior durability and strength.
SKU-LGWE23RJ,Max Widget,High quality and reliable performance. Offers superior durability and strength.
SKU-JACD1N76,Pro Tool,Backed by excellent customer support. Backed by excellent customer support.
SKU-8OT1EWCX,Elite Tool,Made from premium materials. Compact and efficient design.
SKU-RYQQGFRD,Smart Product,Energy efficient and easy to use. Energy efficient and easy to use.
SKU-GG0EQPGU,Ultra Accessory,Made from premium materials. Compact and efficient design.
SKU-N908PMNJ,Power Machine,Backed by excellent customer support. Compact and efficient design.
SKU-PTN57U6X,Eco Widget,Compact and efficient design. Energy efficient and easy to use.
SKU-7W40CSGB,Prime Tool,Offers superior durability and strength. Ideal for professional and personal use.
SKU-B1MRPOXY,Power Gadget,Compact and efficient design. Energy efficient and easy to use.
SKU-WTWBGVWL,Mega Gadget,Designed for modern applications. Energy efficient and easy to use.
SKU-C9DWJBSV,Power Tool,Ideal for professional and personal use. Built to last with precision engineering.
SKU-JAZYFC28,Smart Accessory,Ideal for professional and personal use. High quality and reliable performance.
SKU-5JP2NV12,Elite Instrument,Energy efficient and easy to use. Backed by excellent customer support.
SKU-OKUC7CTV,Pro Item,Designed for modern applications. Energy efficient and easy to use.
SKU-00B1BUAQ,Power Item,Backed by excellent customer support. Offers superior durability and strength.
SKU-F2182E15,Ultra Machine,Made from premium materials. Lightweight yet powerful performance.
SKU-7J1RUZX4,Smart Accessory,Built to last with precision engineering. Lightweight yet powerful performance.
SKU-O1EZIJ5D,Max Machine,Ideal for professional and personal use. Built to last with precision engineering.
SKU-6UOP6GDE,Eco Tool,Ideal for professional and personal use. Lightweight yet powerful performance.
SKU-7WTM32P3,Max Device,High quality and reliable performance. Compact and efficient design.
SKU-S6BTUVG6,Power Tool,Compact and efficient design. Designed for modern applications.
SKU-1LACYLWW,Pro Tool,Lightweight yet powerful performance. Built to last with precision engineering.
SKU-X5F7HEU2,Prime Device,Compact and efficient design. Made from premium materials.
SKU-R4QFU3OU,Eco Accessory,Ideal for professional and personal use. Energy efficient and easy to use.
SKU-0SNYEVWT,Elite Device,Energy efficient and easy to use. Energy efficient and easy to use.
SKU-SOWDDVZW,Power Tool,Offers superior durability and strength. High quality and reliable performance.
SKU-0MAYSYUY,Prime Machine,Compact and efficient design. Built to last with precision engineering.
SKU-06M80J7C,Elite Tool,Offers superior durability and strength. Lightweight yet powerful performance.
SKU-SX5ZVBE6,Prime Tool,Energy efficient and easy to use. Energy efficient and easy to use.
SKU-DC2982Z7,Eco Instrument,Compact and efficient design. Energy efficient and easy to use.
SKU-O6LYEF15,Mega Accessory,Backed by excellent customer support. Energy efficient and easy to use.
SKU-EVUM1I8R,Power Device,Compact and efficient design. Designed for modern applications.
SKU-OQQ2M3CA,Power Machine,Made from premium materials. High quality and reliable performance.
SKU-J40SAYKN,Ultra Product,Energy efficient and easy to use. Backed by excellent customer support.
SKU-0AB3QKE1,Smart Machine,Compact and efficient design. Energy efficient and easy to use.
SKU-ECGAT1GA,Pro Gadget,High quality and reliable performance. High quality and reliable performance.
SKU-DRZOFMTC,Max Widget,Built to last with precision engineering. Designed for modern applications.
SKU-6EGIBXJB,Prime Item,Lightweight yet powerful performance. Energy efficient and easy to use.
SKU-OU6SBG99,Ultra Tool,Ideal for professional and personal use. Ideal for professional and personal use.
SKU-IQ9CSJYO,Elite Module,Ideal for professional and personal use. Ideal for professional and personal use.
SKU-N6OHKNS0,Pro Item,Lightweight yet powerful performance. Energy efficient and easy to use.
SKU-1ANCAA6M,Max Widget,Backed by excellent customer support. Designed for modern applications.
SKU-G3A5RSH3,Smart Device,Offers superior durability and strength. High quality and reliable performance.
SKU-3XV44H1U,Power Gadget,Energy efficient and easy to use. Energy efficient and easy to use.
SKU-FKKNCJWU,Prime Tool,High quality and reliable performance. Ideal for professional and personal use.
SKU-7WQZLA25,Super Device,High quality and reliable performance. Designed for modern applications.
SKU-O9C44D3T,Max Gadget,High quality and reliable performance. High quality and reliable performance.
SKU-2FVU8ODC,Smart Instrument,Compact and efficient design. Designed for modern applications.
SKU-T1CH25BZ,Prime Device,High quality and reliable performance. Compact and efficient design.
SKU-P77QCUJT,Smart Module,Energy efficient and easy to use. Designed for modern applications.
SKU-JUIHW5Z4,Pro Widget,Built to last with precision engineering. Backed by excellent customer support.
SKU-8NYCRWGM,Max Machine,Built to last with precision engineering. Designed for modern applications.
SKU-WGZHP9RG,Smart Gadget,Compact and efficient design. Compact and efficient design.
SKU-73NCFC7E,Smart Accessory,High quality and reliable performance. High quality and reliable performance.
SKU-R7JFBQU0,Max Device,Backed by excellent customer support. Backed by excellent customer support.
SKU-7OHNN6T0,Ultra Product,Designed for modern applications. Lightweight yet powerful performance.
SKU-KPDPMTWJ,Mega Product,High quality and reliable performance. Compact and efficient design.
SKU-55H4L7BP,Elite Module,Ideal for professional and personal use. Designed for modern applications.
SKU-YGN90ENN,Elite Gadget,High quality and reliable performance. Backed by excellent customer support.
SKU-5GBCMWYN,Elite Item,Ideal for professional and personal use. High quality and reliable performance.
SKU-HKN3CZLE,Prime Device,Ideal for professional and personal use. Designed for modern applications.
SKU-HVPMSXEZ,Mega Widget,Offers superior durability and strength. Backed by excellent customer support.
SKU-AMEF43VZ,Eco Module,Energy efficient and easy to use. Compact and efficient design.
SKU-FMBKYUNQ,Max Module,High quality and reliable performance. Built to last with precision engineering.
SKU-QKJ8B09P,Power Gadget,High quality and reliable performance. Offers superior durability and strength.
SKU-00YZD29L,Mega Accessory,Made from premium materials. Energy efficient and easy to use.
SKU-G6V2M4QP,Power Tool,Energy efficient and easy to use. Made from premium materials.
SKU-XS69FB5G,Eco Module,High quality and reliable performance. High quality and reliable performance.
SKU-Y6ZQ3F6R,Smart Product,Offers superior durability and strength. High quality and reliable performance.
SKU-O6GUOMCN,Smart Module,Compact and efficient design. High quality and reliable performance.
SKU-YXPTTUE6,Smart Gadget,Made from premium materials. High quality and reliable performance.
SKU-G2SIDPZQ,Super Tool,Backed by excellent customer support. Lightweight yet powerful performance.
SKU-69H6A30X,Prime Gadget,Backed by excellent customer support. Energy efficient and easy to use.
SKU-UH405MNN,Max Item,Compact and efficient design. Built to last with precision engineering.
SKU-3T8MBC7R,Max Module,Offers superior durability and strength. Made from premium materials.
SKU-VTJ8HK40,Prime Widget,Lightweight yet powerful performance. Lightweight yet powerful performance.
SKU-BJ2LPT4L,Eco Machine,Backed by excellent customer support. High quality and reliable performance.
SKU-GUGOE8N5,Smart Instrument,Energy efficient and easy to use. Lightweight yet powerful performance.
SKU-DJ9BIKOI,Pro Instrument,Made from premium materials. Made from premium materials.
SKU-OCJ7VRB4,Max Item,Lightweight yet powerful performance. Backed by excellent customer support.
SKU-O2KXP4TP,Ultra Accessory,Backed by excellent customer support. High quality and reliable performance.
SKU-ROL6D8VV,Smart Widget,High quality and reliable performance. Lightweight yet powerful performance.
